order_number,customer_email,first_name,last_name,city,state,country,product_code,product_name,category,order_date,quantity,unit_price,discount,tax,currency
AMZ-2026-901,sarah.j@example.com,Sarah,Jenkins,New York,NY,USA,PRD-AMZ-IP15,iPhone 15 Pro Max,Electronics,2026-08-01,3,1199.00,50.00,175.00,USD
AMZ-2026-902,david.k@example.com,David,Kim,New York,NY,USA,PRD-AMZ-IP15,iPhone 15 Pro Max,Electronics,2026-08-05,4,1199.00,0.00,239.80,USD
AMZ-2026-903,emily.w@example.com,Emily,Watson,New York,NY,USA,PRD-AMZ-IP15,iPhone 15 Pro Max,Electronics,2026-08-10,5,1199.00,100.00,294.75,USD
AMZ-2026-904,michael.b@example.com,Michael,Brown,New York,NY,USA,PRD-AMZ-IP15,iPhone 15 Pro Max,Electronics,2026-08-15,3,1199.00,0.00,179.85,USD
AMZ-2026-905,chloe.d@example.com,Chloe,Davis,Los Angeles,CA,USA,PRD-AMZ-IP15,iPhone 15 Pro Max,Electronics,2026-08-03,4,1199.00,50.00,237.30,USD
AMZ-2026-906,brian.m@example.com,Brian,Miller,Los Angeles,CA,USA,PRD-AMZ-IP15,iPhone 15 Pro Max,Electronics,2026-08-12,3,1199.00,0.00,179.85,USD
AMZ-2026-907,sophia.t@example.com,Sophia,Taylor,Los Angeles,CA,USA,PRD-AMZ-IP15,iPhone 15 Pro Max,Electronics,2026-08-20,3,1199.00,0.00,179.85,USD
AMZ-2026-908,ryan.c@example.com,Ryan,Clark,Seattle,WA,USA,PRD-AMZ-IP15,iPhone 15 Pro Max,Electronics,2026-08-08,4,1199.00,50.00,237.30,USD
AMZ-2026-909,olivia.h@example.com,Olivia,Harris,Seattle,WA,USA,PRD-AMZ-IP15,iPhone 15 Pro Max,Electronics,2026-08-18,3,1199.00,0.00,179.85,USD
AMZ-2026-910,jason.v@example.com,Jason,Vance,Chicago,IL,USA,PRD-AMZ-IP15,iPhone 15 Pro Max,Electronics,2026-08-04,3,1199.00,0.00,179.85,USD
AMZ-2026-911,amber.r@example.com,Amber,Robinson,Chicago,IL,USA,PRD-AMZ-IP15,iPhone 15 Pro Max,Electronics,2026-08-22,2,1199.00,0.00,119.90,USD
AMZ-2026-912,lucas.g@example.com,Lucas,Garcia,Austin,TX,USA,PRD-AMZ-IP15,iPhone 15 Pro Max,Electronics,2026-08-09,3,1199.00,30.00,178.35,USD
AMZ-2026-913,natalie.s@example.com,Natalie,Scott,Miami,FL,USA,PRD-AMZ-IP15,iPhone 15 Pro Max,Electronics,2026-08-16,2,1199.00,0.00,119.90,USD
AMZ-2026-914,ethan.k@example.com,Ethan,King,San Francisco,CA,USA,PRD-AMZ-S24,Samsung Galaxy S24 Ultra,Electronics,2026-08-07,2,1299.00,50.00,127.40,USD
AMZ-2026-915,megan.l@example.com,Megan,Lopez,Atlanta,GA,USA,PRD-AMZ-S24,Samsung Galaxy S24 Ultra,Electronics,2026-08-14,3,1299.00,100.00,189.85,USD
AMZ-2026-916,alex.p@example.com,Alex,Price,Boston,MA,USA,PRD-AMZ-APP2,Apple AirPods Pro 2,Electronics,2026-08-02,5,249.00,0.00,62.25,USD
AMZ-2026-917,hannah.w@example.com,Hannah,Ward,Dallas,TX,USA,PRD-AMZ-APP2,Apple AirPods Pro 2,Electronics,2026-08-11,4,249.00,20.00,48.80,USD
AMZ-2026-918,sam.t@example.com,Sam,Turner,Denver,CO,USA,PRD-AMZ-SNY1,Sony WH-1000XM5,Electronics,2026-08-19,3,399.00,0.00,59.85,USD
